Area Name;Area ID;Park Name;Park ID;Squirrel ID;Primary Fur Color;Highlights in Fur Color;Color Notes;Location;Above Ground (Height in Feet);Specific Location;Activities;Interactions with Humans;Other Notes or Observations;Squirrel Latitude (DD.DDDDDD);Squirrel Longitude (-DD.DDDDDD)
UPPER MANHATTAN;A;Fort Tryon Park;1;A-01-01;Gray;White;;Ground Plane;;;Foraging;Indifferent;;4.085.941;-73.933.936
UPPER MANHATTAN;A;Fort Tryon Park;1;A-01-02;Gray;White;;Ground Plane;;;Foraging;Indifferent;Looks skinny;40.859.436;-73.933.937
UPPER MANHATTAN;A;Fort Tryon Park;1;A-01-03;Gray;White;;Ground Plane;;;Eating, Digging something;Indifferent;;40.859.416;-73.933.894
UPPER MANHATTAN;A;Fort Tryon Park;1;A-01-04;Gray;White;;Ground Plane;;;Running;Indifferent;;40.859.418;-73.933.895
UPPER MANHATTAN;A;Fort Tryon Park;1;A-01-05;Gray;Cinnamon;;Ground Plane;;;Running, Eating;Indifferent;She left food;40.859.493;-7.393.359
UPPER MANHATTAN;A;Fort Tryon Park;1;A-01-06;Gray;Cinnamon;;Ground Plane;;;Climbing;Indifferent;;40.860.825;-73.932.871
UPPER MANHATTAN;A;Fort Tryon Park;1;A-01-07;Gray;White;;Ground Plane;;;Foraging;Indifferent;;40.860.225;-73.933.143
UPPER MANHATTAN;A;Fort Tryon Park;1;A-01-08;Black;Gray;;Above Ground;10;;Climbing;Runs From;;40.859.965;-73.933.412
UPPER MANHATTAN;A;Fort Tryon Park;1;A-01-09;Gray;White;;Ground Plane;;;Foraging;Indifferent;;40.859.892;-73.933.326
UPPER MANHATTAN;A;Fort Tryon Park;1;A-01-10;Gray;White;;Ground Plane;;;Eating, Digging;Indifferent;;40.859.636;-73.933.717
UPPER MANHATTAN;A;Fort Tryon Park;1;A-01-11;Gray;Black;;Ground Plane;;;Eating, Digging;Indifferent;was intimidated by a dog;40.859.576;-73.933.738
UPPER MANHATTAN;A;Fort Tryon Park;1;A-01-12;Gray;White;;Ground Plane;;;Running;Runs From;;40.859.989;-73.934.544
UPPER MANHATTAN;A;J. Hood Wright Park;2;A-02-01;Gray;Gray;;Ground Plane;;;Running;Indifferent;;40.845.749;-739.407
UPPER MANHATTAN;A;J. Hood Wright Park;2;A-02-02;Gray;Cinnamon;;Above Ground;2;;Foraging;Indifferent;;40.845.875;-73.940.808
UPPER MANHATTAN;A;J. Hood Wright Park;2;A-02-03;Gray;Cinnamon;;Ground Plane;;;Foraging;;;40.845.875;-73.940.808
UPPER MANHATTAN;A;J. Hood Wright Park;2;A-02-04;Gray;Cinnamon;;Ground Plane;;;Running;Indifferent;;40.846.088;-73.940.613
UPPER MANHATTAN;A;J. Hood Wright Park;2;A-02-05;Gray;Cinnamon;;Ground Plane;;;Running;Runs From;;40.846.088;-73.940.613
UPPER MANHATTAN;A;J. Hood Wright Park;2;A-02-06;Gray;Cinnamon;;Ground Plane;;;Foraging;Indifferent;;40.846.088;-73.940.613
UPPER MANHATTAN;A;J. Hood Wright Park;2;A-02-07;Gray;Gray;;Ground Plane;;;;Runs From;;40.846.222;-7.394.094
UPPER MANHATTAN;A;J. Hood Wright Park;2;A-02-08;Gray;Cinnamon;;Ground Plane;;;Foraging, Nesting/gathering leaves;Indifferent;;40.846.222;-7.394.094
UPPER MANHATTAN;A;J. Hood Wright Park;2;A-02-09;Gray;Cinnamon;;Ground Plane;;;Chasing;Indifferent;;40.846.197;-73.941.026
UPPER MANHATTAN;A;J. Hood Wright Park;2;A-02-10;Gray;Cinnamon;;Ground Plane;;;Running;Indifferent;;40.846.185;-73.940.613
UPPER MANHATTAN;A;J. Hood Wright Park;2;A-02-11;Gray;Cinnamon;;Ground Plane;;;Eating;Runs From;;40.846.271;-73.940.579
UPPER MANHATTAN;A;J. Hood Wright Park;2;A-02-12;Gray;Cinnamon;;Above Ground, Specific Location;15;tree;Climbing;Indifferent;;40.846.332;-73.940.369
UPPER MANHATTAN;A;J. Hood Wright Park;2;A-02-13;Gray;White;;Above Ground, Specific Location;20;tree;Sleeping;Indifferent;;40.846.332;-73.940.369
UPPER MANHATTAN;A;J. Hood Wright Park;2;A-02-14;Gray;Gray;;Ground Plane;;;Running;Indifferent;;40.846.332;-73.940.369
UPPER MANHATTAN;A;J. Hood Wright Park;2;A-02-15;Gray;White;;Ground Plane;;;Running;Indifferent;;40.846.458;-7.394.103
UPPER MANHATTAN;A;J. Hood Wright Park;2;A-02-16;Gray;Cinnamon;;Above Ground, Specific Location;20;tree;Eating;Indifferent;;40.846.417;-73.941.115
UPPER MANHATTAN;A;J. Hood Wright Park;2;A-02-17;Gray;Gray;;Ground Plane;;;Running;Indifferent;;40.846.296;-73.941.132
UPPER MANHATTAN;A;J. Hood Wright Park;2;A-02-18;Gray;Cinnamon;;Ground Plane;;;Foraging;Indifferent;;40.846.064;-73.941.497
UPPER MANHATTAN;A;J. Hood Wright Park;2;A-02-19;Gray;Cinnamon;;Above Ground, Specific Location;2;tree;Climbing;Indifferent;;40.846.065;-73.941.498
UPPER MANHATTAN;A;J. Hood Wright Park;2;A-02-20;Gray;Cinnamon;;Ground Plane;;;Foraging;Indifferent;;40.847.296;-73.942.061
UPPER MANHATTAN;A;J. Hood Wright Park;2;A-02-21;Gray;Cinnamon;;Ground Plane;;;Foraging;Runs From;;40.847.259;-73.941.598
UPPER MANHATTAN;A;J. Hood Wright Park;2;A-02-22;Gray;Cinnamon;;Ground Plane;;;Foraging;Indifferent;;4.084.719;-73.941.308
UPPER MANHATTAN;A;J. Hood Wright Park;2;A-02-23;Gray;Cinnamon;;Above Ground, Specific Location;2;fence;Eating;Indifferent;;4.084.719;-73.941.308
UPPER MANHATTAN;A;J. Hood Wright Park;2;A-02-24;Cinnamon;White;;Above Ground, Specific Location;20;tree;Sitting;Indifferent;;40.847.113;-73.940.937
UPPER MANHATTAN;A;Highbridge Park;3;A-03-01;Gray;Cinnamon;;Above Ground, Specific Location;2;in tree;Chasing, Climbing;Watches us from tree;#1 and #2 chasing each other;40.841.178;-73.935.482
UPPER MANHATTAN;A;Highbridge Park;3;A-03-02;Gray;White;;Above Ground, Specific Location;2;in tree;Chasing, Climbing, Eating;Runs From;#1 and #2 chasing each other;40.841.204;-73.935.434
UPPER MANHATTAN;A;Highbridge Park;3;A-03-03;Gray;White;;Above Ground, Specific Location;2;in tree;Running;;;40.841.212;-73.934.827
UPPER MANHATTAN;A;Highbridge Park;3;A-03-04;Gray;White;;Above Ground;3;;Climbing;;;40.841.217;-73.934.714
UPPER MANHATTAN;A;Highbridge Park;3;A-03-05;Gray;Cinnamon;;Ground Plane;;;Running;Runs From;#5, #6 & #7 together in shrub area to East, a lot of acorns and Corona bottle caps on ground;40.841.359;-73.934.339
UPPER MANHATTAN;A;Highbridge Park;3;A-03-06;Gray;Gray;;Above Ground, Specific Location;2;in tree;Running;Runs From, watchful;#5, #6 & #7 together in shrub area to East, a lot of acorns and Corona bottle caps on ground;40.841.375;-73.934.242
UPPER MANHATTAN;A;Highbridge Park;3;A-03-07;Gray;Cinnamon;;Above Ground, Specific Location;< 1;on log;Running;Runs From;#5, #6 & #7 together in shrub area to East, a lot of acorns and Corona bottle caps on ground;40.841.375;-73.934.242
UPPER MANHATTAN;A;Highbridge Park;3;A-03-08;Gray;Cinnamon;;Above Ground, Specific Location;3;in wall;Running, Chasing, Climbing;Runs From;#8 & #9 saw together at start of river overlook, hiding in cracks of cement wall! so cool!;40.842.308;-73.933.061
UPPER MANHATTAN;A;Highbridge Park;3;A-03-09;Gray;Cinnamon;;Above Ground, Specific Location;3;in wall;;;#8 & #9 saw together at start of river overlook, hiding in cracks of cement wall! so cool!;40.842.401;-73.932.986
UPPER MANHATTAN;A;Highbridge Park;3;A-03-10;Gray;Cinnamon;;Ground Plane, Above Ground;6‰ÛÒ18;Started on ground, climbed 6‰ÛÒ18 ft.;Climbing, Foraging;Watching us from tree - very interested in us;Lots of garbage, near #8 & #9;40.842.511;-73.932.916
UPPER MANHATTAN;A;Highbridge Park;3;A-03-11;Gray;Cinnamon;;Above Ground;4;;Vocalization at us;Approaches, watching us;;40.842.673;-73.932.793
UPPER MANHATTAN;A;Highbridge Park;3;A-03-12;Gray;White;;Ground Plane;;;Running, Foraging;Runs From;;40.842.795;-73.933.002
UPPER MANHATTAN;A;Highbridge Park;3;A-03-13;Gray;Cinnamon;;Ground Plane;;;Running;;;;
UPPER MANHATTAN;A;Highbridge Park;3;A-03-14;Gray;Cinnamon;;Ground Plane;;;Running, Eating;Runs From, watches us in short tree;Loud sparrows in tree;40.842.327;-73.934.269
UPPER MANHATTAN;A;Highbridge Park;3;A-03-15;Gray;Cinnamon;;Above Ground, Specific Location;9;in tree;Jumped to building;;;40.842.359;-73.934.177
UPPER MANHATTAN;A;Highbridge Park;3;A-03-16;Gray;Cinnamon;;Ground Plane;;;Eating, Foraging;Indifferent;;40.842.769;-73.934.478
UPPER MANHATTAN;A;St. Nicholas Park;4;A-04-01;Gray;White;;Above Ground;;;Climbing;Indifferent;Jumping between;40.817.593;-73.948.855
UPPER MANHATTAN;A;St. Nicholas Park;4;A-04-02;Black;Black;;Ground Plane;;;Foraging;Indifferent;Chasing #3;40.817.719;-73.948.855
UPPER MANHATTAN;A;St. Nicholas Park;4;A-04-03;Gray;White;;Ground Plane;;;Eating;Indifferent;Being chased by #2;40.817.719;-73.948.914
UPPER MANHATTAN;A;St. Nicholas Park;4;A-04-04;Gray;White;;Ground Plane;;;Foraging;Indifferent;;40.817.711;-73.949.118
UPPER MANHATTAN;A;St. Nicholas Park;4;A-04-05;Gray;White;;Ground Plane;;;Climbing, Eating;Indifferent;;40.817.569;-73.948.931
UPPER MANHATTAN;A;St. Nicholas Park;4;A-04-06;Gray;Gray;;Above Ground;;;Chasing, Climbing;Indifferent;;40.817.544;-73.949.016
UPPER MANHATTAN;A;St. Nicholas Park;4;A-04-07;Gray;Gray;;Above Ground;;;Chasing, Climbing;Indifferent;;40.817.544;-73.949.016
UPPER MANHATTAN;A;St. Nicholas Park;4;A-04-08;Gray;White;;Ground Plane;;;Running;Runs From;;40.817.479;-73.949.006
UPPER MANHATTAN;A;St. Nicholas Park;4;A-04-09;Gray;White;;Ground Plane;;;Foraging;Indifferent;Wooded area;40.816.685;-73.949.689
UPPER MANHATTAN;A;St. Nicholas Park;4;A-04-10;Gray;Gray;;Ground Plane;;;Foraging;Indifferent;Wooded area;40.816.677;-73.949.549
UPPER MANHATTAN;A;St. Nicholas Park;4;A-04-11;Black;Black;;Ground Plane;;;Foraging;Indifferent;Wooded area;40.816.555;-73.949.609
UPPER MANHATTAN;A;St. Nicholas Park;4;A-04-12;Gray;White;;Ground Plane;;;Foraging;Indifferent;Wooded area - would look but not fully approach;40.816.506;-73.949.587
UPPER MANHATTAN;A;St. Nicholas Park;4;A-04-13;Gray;White;;Ground Plane;;;Running;Indifferent;;40.816.425;-73.949.474
UPPER MANHATTAN;A;St. Nicholas Park;4;A-04-14;Gray;Gray;;Ground Plane;;;Foraging;Indifferent;;40.818.308;-73.948.952
UPPER MANHATTAN;A;St. Nicholas Park;4;A-04-15;Gray;Black;;Ground Plane;;;Foraging;Indifferent;;40.818.263;-73.948.909
UPPER MANHATTAN;A;Riverside Park (Section Near Grant Memorial);5;A-05-01;Gray;Gray;;Ground Plane;;;Running, up tree;Runs From;;;
UPPER MANHATTAN;A;Riverside Park (Section Near Grant Memorial);5;A-05-02;Gray;Gray;;Ground Plane;;;Running, up tree;Runs From;;;
UPPER MANHATTAN;A;Riverside Park (Section Near Grant Memorial);5;A-05-03;Gray;Gray;;Ground Plane;;;Running, up tree;Indifferent;;;
UPPER MANHATTAN;A;Riverside Park (Section Near Grant Memorial);5;A-05-04;Gray;Gray;;Ground Plane;;;Chasing;Indifferent;;;
UPPER MANHATTAN;A;Riverside Park (Section Near Grant Memorial);5;A-05-05;Gray;Gray;;Ground Plane;;;Chasing;;;;
UPPER MANHATTAN;A;Riverside Park (Section Near Grant Memorial);5;A-05-06;Gray;Gray;;Above Ground;15;;Sitting on branch;Indifferent;;;
UPPER MANHATTAN;A;Riverside Park (Section Near Grant Memorial);5;A-05-07;Gray;Gray;;Ground Plane;;;Running, up tree;Indifferent;Forever wild section;;
UPPER MANHATTAN;A;Riverside Park (Section Near Grant Memorial);5;A-05-08;Gray;Gray;;Ground Plane;;;Eating;Indifferent;;;
UPPER MANHATTAN;A;Riverside Park (Section Near Grant Memorial);5;A-05-09;Gray;Gray;;Ground Plane;;;Eating;Indifferent;;;
UPPER MANHATTAN;A;Riverside Park (Section Near Grant Memorial);5;A-05-10;Gray;Gray;;Ground Plane;;;Eating;Indifferent;;;
UPPER MANHATTAN;A;Riverside Park (Section Near Grant Memorial);5;A-05-11;Gray;Gray;;Ground Plane;;;Eating;Indifferent;;;
UPPER MANHATTAN;A;Riverside Park (Section Near Grant Memorial);5;A-05-12;Gray;Gray;;Ground Plane;;;Eating;Indifferent;;;
UPPER MANHATTAN;A;Riverside Park (Section Near Grant Memorial);5;A-05-13;Gray;Gray;;Ground Plane;;;Eating;Indifferent;;;
UPPER MANHATTAN;A;Riverside Park (Section Near Grant Memorial);5;A-05-14;Gray;Gray;;Ground Plane;;;Eating;Indifferent;;;
UPPER MANHATTAN;A;Riverside Park (Section Near Grant Memorial);5;A-05-15;Gray;Gray;;Ground Plane;;;Chasing;Indifferent;;;
UPPER MANHATTAN;A;Riverside Park (Section Near Grant Memorial);5;A-05-16;Gray;Gray;;Ground Plane;;;Chasing;Indifferent;;;
UPPER MANHATTAN;A;Riverside Park (Section Near Grant Memorial);5;A-05-17;Gray;Gray;;Ground Plane;;;Eating;Okay with people;;;
UPPER MANHATTAN;A;Riverside Park (Section Near Grant Memorial);5;A-05-18;Gray;Gray;;Ground Plane;;;Running;Indifferent;;;
UPPER MANHATTAN;A;Riverside Park (Section Near Grant Memorial);5;A-05-19;Gray;Gray;;Above Ground, Specific Location;;Tree;Running;Indifferent;;;
UPPER MANHATTAN;A;Riverside Park (Section Near Grant Memorial);5;A-05-20;Gray;Gray;;Ground Plane;;;Running;Indifferent;;;
UPPER MANHATTAN;A;Riverside Park (Section Near Grant Memorial);5;A-05-21;Gray;Gray;;Ground Plane;;at tree;;Indifferent;;;
UPPER MANHATTAN;A;Riverside Park (Section Near Grant Memorial);5;A-05-22;Gray;Gray;;Ground Plane;;;Chasing;;;;
UPPER MANHATTAN;A;Riverside Park (Section Near Grant Memorial);5;A-05-23;Gray;Gray;;Ground Plane;;;Chasing;;;;
UPPER MANHATTAN;A;Riverside Park (Section Near Grant Memorial);5;A-05-24;Gray;Gray;;;;;Sitting at attention;;;;
UPPER MANHATTAN;A;Riverside Park (Section Near Grant Memorial);5;A-05-25;Gray;Gray;;Ground Plane;;;Eating;Indifferent;;;
UPPER MANHATTAN;A;Riverside Park (Section Near Grant Memorial);5;A-05-26;Gray;Gray;;Ground Plane;;;Eating;Indifferent;;;
UPPER MANHATTAN;A;Riverside Park (Section Near Grant Memorial);5;A-05-27;Gray;Gray;;Ground Plane;;;Foraging;Indifferent;;;
UPPER MANHATTAN;A;Riverside Park (Section Near Grant Memorial);5;A-05-28;Gray;Gray;;Ground Plane;;;Foraging;Indifferent;;;
UPPER MANHATTAN;A;Marcus Garvey Park;6;A-06-01;Gray;Gray;;Above Ground;20‰ÛÒ40;;Climbing;Indifferent;HAWK. HAAAAAWK. All in 1 tree.;40.804.912;-73.943.735
UPPER MANHATTAN;A;Marcus Garvey Park;6;A-06-02;Gray;Gray;;Above Ground;20‰ÛÒ40;;Climbing;Indifferent;HAWK. HAAAAAWK. All in 1 tree.;40.804.912;-73.943.736
UPPER MANHATTAN;A;Marcus Garvey Park;6;A-06-03;Gray;Gray;;Above Ground;20‰ÛÒ40;;Climbing;Indifferent;HAWK. HAAAAAWK. All in 1 tree.;40.804.913;-73.943.735
UPPER MANHATTAN;A;Marcus Garvey Park;6;A-06-04;Gray;Gray;;Above Ground;20‰ÛÒ40;;Climbing;Indifferent;HAWK. HAAAAAWK. All in 1 tree.;40.804.915;-73.943.737
UPPER MANHATTAN;A;Marcus Garvey Park;6;A-06-05;Gray;Gray;;Above Ground;20‰ÛÒ40;;Climbing;Indifferent;HAWK. HAAAAAWK. All in 1 tree.;40.804.916;-73.943.735
UPPER MANHATTAN;A;Marcus Garvey Park;6;A-06-06;Gray;Gray;;Above Ground;20‰ÛÒ40;;Climbing;Indifferent;HAWK. HAAAAAWK. All in 1 tree.;40.804.914;-73.943.736
UPPER MANHATTAN;A;Marcus Garvey Park;6;A-06-07;Gray;Gray;;Above Ground;20‰ÛÒ40;;Climbing;Indifferent;HAWK. HAAAAAWK. All in 1 tree.;40.804.917;-73.943.737
UPPER MANHATTAN;A;Marcus Garvey Park;6;A-06-08;Black;Black;;Above Ground;25;;Climbing;;Defending the tree from the HAAAAWK. The bravest.;40.804.912;-73.943.738
UPPER MANHATTAN;A;Marcus Garvey Park;6;A-06-09;Gray;Gray;;Above Ground, Specific Location;2‰ÛÒ6;small trees;Chasing, Climbing, Eating;Indifferent;2 were chasing each other through some short trees, others just sat;40.804.701;-73.944.118
UPPER MANHATTAN;A;Marcus Garvey Park;6;A-06-10;Gray;Gray;;Above Ground, Specific Location;2‰ÛÒ6;small trees;Chasing, Climbing, Eating;Indifferent;2 were chasing each other through some short trees, others just sat;40.804.746;-7.394.374
UPPER MANHATTAN;A;Marcus Garvey Park;6;A-06-11;Gray;Gray;;Above Ground, Specific Location;2‰ÛÒ6;small trees;Chasing, Climbing, Eating;Indifferent;2 were chasing each other through some short trees, others just sat;40.804.912;-7.394.408
UPPER MANHATTAN;A;Marcus Garvey Park;6;A-06-12;Gray;Gray;;Above Ground, Specific Location;2‰ÛÒ6;small trees;Chasing, Climbing, Eating;Indifferent;2 were chasing each other through some short trees, others just sat;40.804.729;-73.944.053
UPPER MANHATTAN;A;Marcus Garvey Park;6;A-06-13;Gray;Gray;;Above Ground;4...3...2...1;;Climbing;;Slid down a signpost while spinning. Other squirrels flung leaves at it, cheering.;40.804.713;-73.944.032
UPPER MANHATTAN;A;Marcus Garvey Park;6;A-06-14;Gray;Gray;;Above Ground;15;;Climbing, Eating;;Too far to observe human interactions;40.804.613;-73.943.829
UPPER MANHATTAN;A;Marcus Garvey Park;6;A-06-15;Gray;Gray;;Above Ground;15;;Climbing, Eating;;Too far to observe human interactions;40.804.564;-73.943.824
UPPER MANHATTAN;A;Marcus Garvey Park;6;A-06-16;Gray;Gray;;Ground Plane;;;Running;;Ran up the the 3rd baseline of a Little League field. Wrong way!;40.804.253;-73.944.121
UPPER MANHATTAN;A;Marcus Garvey Park;6;A-06-17;Gray;Gray;;Ground Plane;;;Running;;Scampered across path;40.803.758;-7.394.433
UPPER MANHATTAN;A;Marcus Garvey Park;6;A-06-18;Gray;Gray;;Above Ground;4;;Sitting, shouting;Indifferent;;40.803.616;-73.944.464
UPPER MANHATTAN;A;Marcus Garvey Park;6;A-06-19;Gray;Gray;;Above Ground;4;;Sitting, shouting;Indifferent;;40.803.413;-73.944.207
UPPER MANHATTAN;A;Marcus Garvey Park;6;A-06-20;Gray;Gray;;Above Ground;4;;Sitting, shouting;Indifferent;;4.080.338;-73.944.148
UPPER MANHATTAN;A;Marcus Garvey Park;6;A-06-21;Gray;Gray;;Above Ground;4;;Sitting, shouting;Indifferent;;40.803.392;-73.944.228
UPPER MANHATTAN;A;Marcus Garvey Park;6;A-06-22;Gray;Gray;;Above Ground;;;Defending tree, shouting;Indifferent, Preoccupied by HAAWK;HAWK. Same scene as 1‰ÛÒ8. All gray.;40.803.794;-73.944.003
UPPER MANHATTAN;A;Marcus Garvey Park;6;A-06-23;Gray;Gray;;Above Ground;;;Defending tree, shouting;Indifferent, Preoccupied by HAAWK;HAWK. Same scene as 1‰ÛÒ8. All gray.;40.803.795;-73.944.003
UPPER MANHATTAN;A;Marcus Garvey Park;6;A-06-24;Gray;Gray;;Above Ground;;;Defending tree, shouting;Indifferent, Preoccupied by HAAWK;HAWK. Same scene as 1‰ÛÒ8. All gray.;40.803.794;-73.944.004
UPPER MANHATTAN;A;Marcus Garvey Park;6;A-06-25;Gray;Gray;;Above Ground;;;Defending tree, shouting;Indifferent, Preoccupied by HAAWK;HAWK. Same scene as 1‰ÛÒ8. All gray.;40.803.794;-73.944.005
UPPER MANHATTAN;A;Marcus Garvey Park;6;A-06-26;Gray;Gray;;Above Ground;;;Defending tree, shouting;Indifferent, Preoccupied by HAAWK;HAWK. Same scene as 1‰ÛÒ8. All gray.;40.803.796;-73.944.003
UPPER MANHATTAN;A;Marcus Garvey Park;6;A-06-27;Gray;Gray;;Above Ground;;;Defending tree, shouting;Indifferent, Preoccupied by HAAWK;HAWK. Same scene as 1‰ÛÒ8. All gray.;40.803.795;-73.944.004
UPPER MANHATTAN;A;Marcus Garvey Park;6;A-06-28;Gray;Gray;;Above Ground;3;;Eating;Indifferent;;4.080.362;-73.944.067
UPPER MANHATTAN;A;Marcus Garvey Park;6;A-06-29;Gray;Gray;;Above Ground;6;;Chasing, Climbing;Runs From;;4.080.352;-73.943.629
UPPER MANHATTAN;A;Marcus Garvey Park;6;A-06-30;Gray;Gray;;Above Ground;6;;Chasing, Climbing;Runs From;;40.803.507;-73.943.661
UPPER MANHATTAN;A;Marcus Garvey Park;6;A-06-31;Gray;Gray;;Above Ground;25;;Climbing;;;40.803.981;-73.943.327
UPPER MANHATTAN;A;Marcus Garvey Park;6;A-06-32;Gray;Gray;;Above Ground;25;;Climbing;;;40.804.123;-73.943.402
UPPER MANHATTAN;A;Marcus Garvey Park;6;A-06-33;Black;Cinnamon;Chestnut Brown?? May be black with sunlight??;Above Ground;25;;Cleaning;;Cleaning himself like a cat would.;40.803.981;-73.943.273
UPPER MANHATTAN;A;Marcus Garvey Park;6;A-06-34;Gray;Gray;;Above Ground;4;;Climbing;Runs From;;40.804.878;-73.942.781
CENTRAL MANHATTAN;B;Madison Square Park;7;B-07-01;Gray;;;Ground Plane;;;Foraging;Indifferent;Scar on forehead;4.074.145;-73.987.884
CENTRAL MANHATTAN;B;Madison Square Park;7;B-07-02;Gray;;;Above Ground, Specific Location;30;in a tree;Sitting;;;40.742.255;-73.987.433
CENTRAL MANHATTAN;B;Madison Square Park;7;B-07-03;Gray;;;Ground Plane;;;Foraging;Indifferent;;40.742.556;-73.986.971
CENTRAL MANHATTAN;B;Madison Square Park;7;B-07-04;Gray;;;Above Ground, Specific Location;10;in tree;Resting in tree;;;40.742.792;-73.987.046
CENTRAL MANHATTAN;B;Madison Square Park;7;B-07-05;Gray;;;Ground Plane, Specific Location;;Farragut Lawn;Running;Indifferent;Many pigeons lounging on lawn, tourist taking picture;4.074.288;-73.987.663
CENTRAL MANHATTAN;B;Madison Square Park;7;B-07-06;Gray;;;Above Ground, Specific Location;15;in old tree (oval lawn);Sitting;Indifferent;#6 & #7 in same tree;40.742.421;-7.398.808
CENTRAL MANHATTAN;B;Madison Square Park;7;B-07-07;Gray;;;Above Ground, Specific Location;20;in old tree (oval lawn);Sitting;Indifferent;#6 & #7 in same tree - In general, visitors/people are trying to coax squirrels and take pictures. They are delighted to see squirrels.;40.742.421;-7.398.808
CENTRAL MANHATTAN;B;Madison Square Park;7;B-07-08;Gray;Cinnamon;;Ground Plane, Specific Location;;base of tree;Foraging;Indifferent;Dog owners encouraging dogs to chase squirrels;40.742.807;-73.988.435
CENTRAL MANHATTAN;B;Madison Square Park;7;B-07-09;Gray;;;Ground Plane, Specific Location;;base of tree;Foraging;Indifferent;Ran from base of tree to lawn about 20 feet away in search of food;40.741.528;-73.988.324
CENTRAL MANHATTAN;B;Madison Square Park;7;B-07-10;Gray;;;Above Ground, Specific Location;10;in tree;Climbing, Foraging;Indifferent;First spotted in tree, then climbed down. Squirrel was small in stature.;40.741.805;-73.988.448
CENTRAL MANHATTAN;B;Madison Square Park;7;B-07-11;Gray;;;Ground Plane, Above Ground;1;on bench;Running, Climbing, Foraging;Indifferent;First seen on bench. Then jumped to ground, ran across path and onto lawn in search of food.;40.741.862;-73.988.797
CENTRAL MANHATTAN;B;Union Square Park;8;B-08-01;Cinnamon;Cinnamon;;Ground Plane;;;Climbing;Friendly;;40.735.981;-7.399.062
CENTRAL MANHATTAN;B;Union Square Park;8;B-08-02;Gray;Gray;;Ground Plane;;;Running, Eating, Foraging;Indifferent;;40.735.847;-73.990.115
CENTRAL MANHATTAN;B;Union Square Park;8;B-08-03;Cinnamon;;;Ground Plane;;;Foraging;Indifferent;;40.735.896;-7.399.041
CENTRAL MANHATTAN;B;Union Square Park;8;B-08-04;Gray;;;Ground Plane;;;Foraging;Indifferent;;4.073.579;-73.990.738
CENTRAL MANHATTAN;B;Union Square Park;8;B-08-05;Gray;;;Ground Plane;;;Digging;Indifferent;;40.735.941;-7.399.063
CENTRAL MANHATTAN;B;Union Square Park;8;B-08-06;Gray;;;Above Ground, Specific Location;;in tree;Climbing;;;4.073.566;-73.990.351
CENTRAL MANHATTAN;B;Union Square Park;8;B-08-07;Gray;Cinnamon;Cinnamon tail;Above Ground, Specific Location;;in tree;Climbing, Eating;;Baby smaller;40.735.636;-73.990.426
CENTRAL MANHATTAN;B;Union Square Park;8;B-08-08;Gray;Black;;;;;Climbing;;Baby smaller;4.073.566;-73.990.351
CENTRAL MANHATTAN;B;Union Square Park;8;B-08-09;Gray;;;;;;Running, Digging;Runs From;;40.735.587;-73.990.367
CENTRAL MANHATTAN;B;Union Square Park;8;B-08-10;Gray;;;Ground Plane;;;Eating, Foraging;Indifferent, Staring;;4.073.542;-73.990.453
CENTRAL MANHATTAN;B;Union Square Park;8;B-08-11;Cinnamon;;;Ground Plane;;;Foraging;Indifferent, Runs From (kids);Ran away from kids and climbed up the tree;40.735.514;-7.399.033
CENTRAL MANHATTAN;B;Union Square Park;8;B-08-12;Gray;;;Ground Plane;;;Eating, Foraging;;Big;40.735.945;-73.990.201
CENTRAL MANHATTAN;B;Union Square Park;8;B-08-13;Cinnamon;;;;;;Foraging;;Big;40.735.947;-7.399.023
CENTRAL MANHATTAN;B;Union Square Park;8;B-08-14;Gray;;;Ground Plane;;;Eating, Foraging;;Big and chubby;4.073.604;-7.398.966
CENTRAL MANHATTAN;B;Union Square Park;8;B-08-15;Gray;;;Ground Plane;;;Eating, Foraging;;;4.073.618;-73.990.683
CENTRAL MANHATTAN;B;Union Square Park;8;B-08-16;Cinnamon;;;Ground Plane;;;Eating, Foraging;;;40.736.298;-73.990.559
CENTRAL MANHATTAN;B;Stuyvesant Square Park;9;B-09-01;Gray;Cinnamon;;Ground Plane;;;Foraging;Indifferent;Found nut and moved into tree;40.733.753;-73.983.682
CENTRAL MANHATTAN;B;Stuyvesant Square Park;9;B-09-02;Gray;Cinnamon;;Ground Plane;;;Foraging;Indifferent;;40.733.648;-73.983.483
CENTRAL MANHATTAN;B;Stuyvesant Square Park;9;B-09-03;Gray;Cinnamon;;Ground Plane;;;Foraging;Indifferent;;40.733.631;-73.983.419
CENTRAL MANHATTAN;B;Stuyvesant Square Park;9;B-09-04;Gray;Cinnamon;;Ground Plane;;;Climbing;Runs From;;40.733.546;-73.983.263
CENTRAL MANHATTAN;B;Stuyvesant Square Park;9;B-09-05;Gray;Cinnamon;;Above Ground;30;;Climbing;;;40.733.591;-73.983.263
CENTRAL MANHATTAN;B;Stuyvesant Square Park;9;B-09-06;Gray;Cinnamon;;Above Ground;15;;Climbing, Eating;Indifferent;;40.733.648;-73.984.294
CENTRAL MANHATTAN;B;Stuyvesant Square Park;9;B-09-07;Gray;Cinnamon;;Ground Plane;;;Foraging;Approaches;Curious, thinks we have food;40.733.737;-7.398.438
CENTRAL MANHATTAN;B;Stuyvesant Square Park;9;B-09-08;Gray;Cinnamon;;Ground Plane;;;Chasing;Indifferent;Being chased by #9;40.733.501;-73.984.417
CENTRAL MANHATTAN;B;Stuyvesant Square Park;9;B-09-09;Gray;Cinnamon;;Ground Plane;;;Chasing;Indifferent;Chasing #8;40.733.575;-73.984.391
CENTRAL MANHATTAN;B;Stuyvesant Square Park;9;B-09-10;Gray;Cinnamon;;Ground Plane;;;Foraging;Approaches;Expected food;40.733.506;-73.984.553
CENTRAL MANHATTAN;B;Stuyvesant Square Park;9;B-09-11;Gray;Cinnamon;;Above Ground;20;;Climbing;Indifferent;Juvenile? Playing with #12 in tree;40.733.619;-73.984.708
CENTRAL MANHATTAN;B;Stuyvesant Square Park;9;B-09-12;Gray;Cinnamon;;Above Ground;20;;Chasing;Indifferent;Juvenile? Playing with #11 in tree;40.733.648;-73.984.638
CENTRAL MANHATTAN;B;Stuyvesant Square Park;9;B-09-13;Gray;Cinnamon;;Above Ground;40;;Eating;;;40.733.737;-73.984.644
CENTRAL MANHATTAN;B;Stuyvesant Square Park;9;B-09-14;Black;Cinnamon;;Above Ground;10;;Eating;Approaches;;40.733.932;-73.984.612
CENTRAL MANHATTAN;B;Stuyvesant Square Park;9;B-09-15;Black;Cinnamon;;Above Ground;30;;Eating;;Far away;40.734.014;-73.984.461
CENTRAL MANHATTAN;B;Stuyvesant Square Park;9;B-09-16;Black;Cinnamon;;Above Ground, Specific Location;60;in tree;;;;40.734.221;-73.984.397
CENTRAL MANHATTAN;B;Stuyvesant Square Park;9;B-09-17;Gray;Cinnamon;;Above Ground, Specific Location;15;in tree;Eating;;;40.734.083;-73.984.322
CENTRAL MANHATTAN;B;Stuyvesant Square Park;9;B-09-18;Gray;Cinnamon;;Ground Plane;;;Foraging;Indifferent;;4.073.403;-73.984.199
CENTRAL MANHATTAN;B;Stuyvesant Square Park;9;B-09-19;Black;Cinnamon;;Above Ground, Specific Location;40;in tree;Grooming;;;40.734.204;-73.984.242
CENTRAL MANHATTAN;B;Stuyvesant Square Park;9;B-09-20;Gray;Cinnamon;;Ground Plane;;;Foraging;Indifferent;;40.734.314;-73.984.231
CENTRAL MANHATTAN;B;Stuyvesant Square Park;9;B-09-21;Gray;Cinnamon;;Above Ground, Specific Location;30;in tree;;;;40.734.261;-73.984.284
CENTRAL MANHATTAN;B;Stuyvesant Square Park;9;B-09-22;Gray;Cinnamon;;Above Ground, Specific Location;30;in tree;;;;40.734.144;-73.984.059
CENTRAL MANHATTAN;B;Stuyvesant Square Park;9;B-09-23;Gray;Cinnamon;;Ground Plane;;;Foraging;Indifferent;;40.734.335;-73.984.038
CENTRAL MANHATTAN;B;Stuyvesant Square Park;9;B-09-24;Black;Cinnamon;;Ground Plane;;;Foraging;Indifferent;;40.734.383;-73.984.118
CENTRAL MANHATTAN;B;Stuyvesant Square Park;9;B-09-25;Black;Cinnamon;;Ground Plane;;;Foraging;Indifferent;;40.734.356;-73.984.062
CENTRAL MANHATTAN;B;Washington Square Park;10;B-10-01;Gray;Gray;;Ground Plane;;;Foraging;Indifferent;Sun;40.730.703;-73.995.821
CENTRAL MANHATTAN;B;Washington Square Park;10;B-10-02;Gray;Gray;;Ground Plane;;;Foraging;Indifferent;;40.730.638;-73.995.784
CENTRAL MANHATTAN;B;Washington Square Park;10;B-10-03;Gray;Gray;;Ground Plane;;;Foraging;Indifferent;;40.730.528;-73.995.891
CENTRAL MANHATTAN;B;Washington Square Park;10;B-10-04;Gray;Gray;;Ground Plane;;;Foraging;Indifferent;;40.730.394;-73.996.009
CENTRAL MANHATTAN;B;Washington Square Park;10;B-10-05;Gray;;;;;;;Indifferent;;40.730.341;-73.996.052
CENTRAL MANHATTAN;B;Washington Square Park;10;B-10-06;Gray;;;;;;;Indifferent;People eating at bench with dog;407.303;-73.996.106
CENTRAL MANHATTAN;B;Washington Square Park;10;B-10-07;Gray;;;;;;;Indifferent;;40.730.247;-73.996.175
CENTRAL MANHATTAN;B;Washington Square Park;10;B-10-08;Gray;;;;;;;Indifferent;;40.730.231;-73.996.138
CENTRAL MANHATTAN;B;Washington Square Park;10;B-10-09;Gray;Gray;;Ground Plane;;;Foraging;Indifferent;;40.730.223;-73.996.132
CENTRAL MANHATTAN;B;Washington Square Park;10;B-10-10;Gray;;;;;;;Indifferent;Shady;40.730.077;-73.996.277
CENTRAL MANHATTAN;B;Washington Square Park;10;B-10-11;Gray;Gray;;Above Ground;20;;Nesting;Indifferent;In squirrel house (pic). Someone is trying to feed squirrel in house.;;
CENTRAL MANHATTAN;B;Washington Square Park;10;B-10-12;Gray;Gray;;Above Ground;25;;Climbing;Indifferent;;;
CENTRAL MANHATTAN;B;Washington Square Park;10;B-10-13;Gray;;;Ground Plane;;;Chasing;Indifferent;Chasing #15;;
CENTRAL MANHATTAN;B;Washington Square Park;10;B-10-14;Gray;;;Above Ground, Specific Location;15;in tree;Eating;Indifferent;;;
CENTRAL MANHATTAN;B;Washington Square Park;10;B-10-15;Gray;;;;;;Chasing;Indifferent;Being chased by #13;40.729.858;-73.996.843
CENTRAL MANHATTAN;B;Washington Square Park;10;B-10-16;Gray;;;;;;Chasing;Indifferent;;4.072.985;-73.996.778
CENTRAL MANHATTAN;B;Washington Square Park;10;B-10-17;Gray;;;;;;Chasing;Indifferent;;40.729.822;-73.996.816
CENTRAL MANHATTAN;B;Washington Square Park;10;B-10-18;Gray;;;;;;Chasing;Indifferent;;40.729.809;-73.996.762
CENTRAL MANHATTAN;B;Washington Square Park;10;B-10-19;Gray;;;;;;Chasing;Indifferent;;40.729.939;-73.997.068
CENTRAL MANHATTAN;B;Washington Square Park;10;B-10-20;Gray;;;Ground Plane;;;;Indifferent;;40.729.976;-73.997.154
CENTRAL MANHATTAN;B;Washington Square Park;10;B-10-21;Gray;;;Ground Plane;;;;Indifferent;;4.072.996;-73.997.079
CENTRAL MANHATTAN;B;Washington Square Park;10;B-10-22;Gray;;;Ground Plane;;;;Indifferent;;40.729.927;-73.997.036
CENTRAL MANHATTAN;B;Washington Square Park;10;B-10-23;Gray;;;Ground Plane;;;;Indifferent;;40.729.988;-73.997.106
CENTRAL MANHATTAN;B;Washington Square Park;10;B-10-24;Gray;;;Ground Plane;;;;Indifferent;;4.072.998;-73.997.031
CENTRAL MANHATTAN;B;Washington Square Park;10;B-10-25;Gray;;;;;;;Indifferent;;40.730.318;-73.997.213
CENTRAL MANHATTAN;B;Washington Square Park;10;B-10-26;Gray;;;;;;;Indifferent;;40.730.301;-73.997.251
CENTRAL MANHATTAN;B;Washington Square Park;10;B-10-27;Gray;;;;;;;Indifferent;;40.730.334;-73.997.589
CENTRAL MANHATTAN;B;Washington Square Park;10;B-10-28;Gray;;;;;;;Indifferent;;40.730.411;-73.997.589
CENTRAL MANHATTAN;B;Washington Square Park;10;B-10-29;Gray;;;;;;;Indifferent;;40.730.395;-73.997.535
CENTRAL MANHATTAN;B;Washington Square Park;10;B-10-30;Gray;;;Above Ground, Specific Location;;tree;;Indifferent;;40.730.411;-73.997.766
CENTRAL MANHATTAN;B;Washington Square Park;10;B-10-31;Gray;;;;;;;Indifferent;;40.731.031;-73.999.122
CENTRAL MANHATTAN;B;Washington Square Park;10;B-10-32;Gray;;;Above Ground, Specific Location;;in tree high;;Indifferent;;40.731.504;-73.998.977
CENTRAL MANHATTAN;B;Washington Square Park;10;B-10-33;Gray;;;Above Ground, Specific Location;;in tree high;;Indifferent;;40.731.548;-73.998.842
CENTRAL MANHATTAN;B;Washington Square Park;10;B-10-34;Gray;;;Above Ground, Specific Location;;in tree high;;Indifferent;;40.731.608;-73.998.928
CENTRAL MANHATTAN;B;Washington Square Park;10;B-10-35;Gray;;;Above Ground, Specific Location;;in tree high;;Indifferent;;40.731.503;-73.999.014
CENTRAL MANHATTAN;B;Washington Square Park;10;B-10-36;Gray;;;Above Ground, Specific Location;;tree canopy, low down;;Indifferent;;40.731.552;-73.998.788
CENTRAL MANHATTAN;B;Washington Square Park;10;B-10-37;Gray;;;Above Ground, Specific Location;;tree high;;Indifferent;;40.731.952;-73.998.647
CENTRAL MANHATTAN;B;Washington Square Park;10;B-10-38;Gray;;;Above Ground, Specific Location;;tree high;;Indifferent;;40.731.936;-73.998.598
CENTRAL MANHATTAN;B;Washington Square Park;10;B-10-39;Gray;;;Above Ground, Specific Location;;tree low;;Indifferent;;40.732.001;-73.998.491
CENTRAL MANHATTAN;B;Washington Square Park;10;B-10-40;Gray;;;Ground Plane;;;Foraging;Indifferent;Busy area;40.731.974;-73.998.482
CENTRAL MANHATTAN;B;Washington Square Park;10;B-10-41;Gray;;;;;;;Indifferent;;40.731.861;-73.998.122
CENTRAL MANHATTAN;B;Washington Square Park;10;B-10-42;Gray;;;;;;;Indifferent;;40.731.804;-73.997.999
CENTRAL MANHATTAN;B;Washington Square Park;10;B-10-43;Gray;;;Above Ground, Specific Location;;tree;;Indifferent;;40.731.747;-73.997.859
CENTRAL MANHATTAN;B;Washington Square Park;10;B-10-44;Gray;;;Above Ground, Specific Location;;tree;;Indifferent;;40.731.665;-73.997.747
CENTRAL MANHATTAN;B;Washington Square Park;10;B-10-45;Gray;;;Above Ground, Specific Location;;tree;;Indifferent;;40.731.548;-7.399.758
CENTRAL MANHATTAN;B;Washington Square Park;10;B-10-46;Gray;;;Above Ground, Specific Location;;tree high;;Indifferent;;40.731.389;-73.997.231
CENTRAL MANHATTAN;B;Washington Square Park;10;B-10-47;Gray;;;;;;;Indifferent;Sun;407.312;-73.996.805
CENTRAL MANHATTAN;B;Washington Square Park;10;B-10-48;Gray;;;Above Ground, Specific Location;;small tree;;Indifferent;;40.731.119;-73.996.655
CENTRAL MANHATTAN;B;Washington Square Park;10;B-10-49;Gray;;;Specific Location;;on bench;;Indifferent;;40.731.103;-73.996.601
CENTRAL MANHATTAN;B;Washington Square Park;10;B-10-50;Gray;;;;;;;Indifferent;;4.073.092;-73.996.242
CENTRAL MANHATTAN;B;Washington Square Park;10;B-10-51;Gray;;;;;;;Indifferent;;40.730.782;-73.996.017
CENTRAL MANHATTAN;B;Tompkins Square Park;11;B-11-01;Gray;Gray;;Specific Location;;Tree;Climbing;Runs From;Nut in mouth, very fast moving;;
CENTRAL MANHATTAN;B;Tompkins Square Park;11;B-11-02;Gray;Gray;;Ground Plane;;;Foraging;Indifferent;;;
CENTRAL MANHATTAN;B;Tompkins Square Park;11;B-11-03;Black;Black;;Ground Plane;;;Foraging;Indifferent;;;
CENTRAL MANHATTAN;B;Tompkins Square Park;11;B-11-04;Gray;Gray;;Ground Plane;;;Foraging;Indifferent;;;
CENTRAL MANHATTAN;B;Tompkins Square Park;11;B-11-05;Gray;Gray;;Ground Plane;;;Running;Indifferent;;;
CENTRAL MANHATTAN;B;Tompkins Square Park;11;B-11-06;Gray;Gray;;Ground Plane;;;Foraging;Indifferent;;;
CENTRAL MANHATTAN;B;Tompkins Square Park;11;B-11-07;Gray;Gray;;Ground Plane;;;Foraging;Indifferent;;;
CENTRAL MANHATTAN;B;Tompkins Square Park;11;B-11-08;Gray;Gray;;Above Ground;20;;Climbing;Indifferent;;;
CENTRAL MANHATTAN;B;Tompkins Square Park;11;B-11-09;Gray;Gray;;Ground Plane;;;Foraging;Indifferent;;;
CENTRAL MANHATTAN;B;Tompkins Square Park;11;B-11-10;Gray;Gray;;Above Ground;30;;Chasing;Indifferent;;;
CENTRAL MANHATTAN;B;Tompkins Square Park;11;B-11-11;Gray;Gray;;Above Ground;30;;Chasing;Indifferent;;;
CENTRAL MANHATTAN;B;Tompkins Square Park;11;B-11-12;Gray;Gray;;Ground Plane;;;Foraging;Indifferent;;;
CENTRAL MANHATTAN;B;Tompkins Square Park;11;B-11-13;Gray;Gray;;Ground Plane;;;Foraging;Indifferent;;;
CENTRAL MANHATTAN;B;Tompkins Square Park;11;B-11-14;Gray;Gray;;Ground Plane;;;Foraging;;;;
CENTRAL MANHATTAN;B;Tompkins Square Park;11;B-11-15;Gray;Gray;;Specific Location;;Tree;Climbing (down tree);Indifferent;;;
CENTRAL MANHATTAN;B;Tompkins Square Park;11;B-11-16;Gray;Gray;;Specific Location;;Tree;Climbing (down tree);Indifferent;;;
CENTRAL MANHATTAN;B;Tompkins Square Park;11;B-11-17;Gray;Gray;;Specific Location;;Tree;Climbing;Indifferent;;;
CENTRAL MANHATTAN;B;Tompkins Square Park;11;B-11-18;Gray;Gray;;Specific Location;;Tree;Climbing;Indifferent;;;
CENTRAL MANHATTAN;B;Tompkins Square Park;11;B-11-19;Gray;Gray;;Ground Plane;;;Foraging;Indifferent;;;
CENTRAL MANHATTAN;B;Tompkins Square Park;11;B-11-20;Gray;Gray;;Ground Plane;;;Foraging;Indifferent;;;
CENTRAL MANHATTAN;B;Tompkins Square Park;11;B-11-21;Gray;Gray;;Specific Location;;Tree;Climbing;Indifferent;;;
CENTRAL MANHATTAN;B;Tompkins Square Park;11;B-11-22;Gray;Gray;;Specific Location;;Tree;Sitting;Indifferent;;;
CENTRAL MANHATTAN;B;Tompkins Square Park;11;B-11-23;Gray;Gray;;Specific Location;;Tree;Sitting (in tree hole);Indifferent;;;
CENTRAL MANHATTAN;B;Tompkins Square Park;11;B-11-24;Gray;Gray;;Specific Location;;Tree;Lounging;Approaches;;;
CENTRAL MANHATTAN;B;Tompkins Square Park;11;B-11-25;Gray;Gray;;Ground Plane;;;Foraging;Approaches;;;
CENTRAL MANHATTAN;B;Tompkins Square Park;11;B-11-26;Gray;Gray;;Ground Plane;;;Foraging;Approaches;;;
CENTRAL MANHATTAN;B;Tompkins Square Park;11;B-11-27;Gray;Gray;;Ground Plane;;;Foraging;Approaches;;;
CENTRAL MANHATTAN;B;Tompkins Square Park;11;B-11-28;Gray;Gray;;Ground Plane;;;Foraging;Approaches;;;
CENTRAL MANHATTAN;B;Tompkins Square Park;11;B-11-29;Gray;Gray;;Ground Plane;;;Foraging;Approaches;;;
CENTRAL MANHATTAN;B;Tompkins Square Park;11;B-11-30;Gray;Gray;;Ground Plane;;;Foraging;Approaches;;;
CENTRAL MANHATTAN;B;Tompkins Square Park;11;B-11-31;Gray;Gray;;Ground Plane;;;Running;;;;
CENTRAL MANHATTAN;B;Tompkins Square Park;11;B-11-32;Gray;Gray;;Ground Plane;;;Foraging;Approaches;;;
CENTRAL MANHATTAN;B;Tompkins Square Park;11;B-11-33;Gray;Gray;;Specific Location;;Tree;Sitting;Approaches;;;
CENTRAL MANHATTAN;B;Tompkins Square Park;11;B-11-34;Gray;Gray;;Specific Location;;Tree;Climbing;Approaches;;;
CENTRAL MANHATTAN;B;Tompkins Square Park;11;B-11-35;Gray;Gray;;Ground Plane;;;Foraging;Indifferent;;;
CENTRAL MANHATTAN;B;Tompkins Square Park;11;B-11-36;Gray;Gray;;Specific Location;;Tree;Climbing (down);Indifferent;;;
CENTRAL MANHATTAN;B;Tompkins Square Park;11;B-11-37;Gray;Gray;;Specific Location;;Tree;Climbing (down);Indifferent;;;
CENTRAL MANHATTAN;B;Tompkins Square Park;11;B-11-38;Gray;Gray;;Ground Plane;;;Foraging;Indifferent;;;
CENTRAL MANHATTAN;B;Tompkins Square Park;11;B-11-39;Gray;Gray;;Ground Plane;;;Foraging;Indifferent;;;
CENTRAL MANHATTAN;B;Tompkins Square Park;11;B-11-40;Gray;Gray;;Ground Plane;;;Foraging;Indifferent;;;
CENTRAL MANHATTAN;B;Tompkins Square Park;11;B-11-41;Gray;Gray;;Ground Plane;;;Foraging;Indifferent;;;
CENTRAL MANHATTAN;B;Tompkins Square Park;11;B-11-42;Gray;Gray;;Ground Plane;;;Foraging;Indifferent;;;
CENTRAL MANHATTAN;B;Tompkins Square Park;11;B-11-43;Gray;Gray;;Ground Plane;;;Foraging;Indifferent;;;
CENTRAL MANHATTAN;B;Tompkins Square Park;11;B-11-44;Gray;Gray;;Ground Plane;;;Foraging;Indifferent;;;
CENTRAL MANHATTAN;B;Tompkins Square Park;11;B-11-45;Gray;Gray;;Ground Plane;;;Foraging;Indifferent;;;
CENTRAL MANHATTAN;B;Tompkins Square Park;11;B-11-46;Gray;Gray;;Ground Plane;;;Foraging;Indifferent;;;
CENTRAL MANHATTAN;B;Tompkins Square Park;11;B-11-47;Gray;Gray;;Ground Plane;;;Foraging;Indifferent;;;
CENTRAL MANHATTAN;B;Tompkins Square Park;11;B-11-48;Black;Black;;Ground Plane;;;Foraging;Indifferent;They (#48 & #49) are fat.;;
CENTRAL MANHATTAN;B;Tompkins Square Park;11;B-11-49;Black;Black;;Ground Plane;;;Foraging;Indifferent;They (#48 & #49) are fat.;;
CENTRAL MANHATTAN;B;Tompkins Square Park;11;B-11-50;Gray;Gray;;Ground Plane;;;Chasing;Indifferent;;;
CENTRAL MANHATTAN;B;Tompkins Square Park;11;B-11-51;Black;Black;;Ground Plane;;;Chasing;Indifferent;;;
CENTRAL MANHATTAN;B;Tompkins Square Park;11;B-11-52;Gray;Gray;;Ground Plane;;;Foraging;Indifferent;;;
CENTRAL MANHATTAN;B;Tompkins Square Park;11;B-11-53;Gray;Gray;;Ground Plane;;;Foraging;Indifferent;;;
CENTRAL MANHATTAN;B;Tompkins Square Park;11;B-11-54;Gray;Gray;;Specific Location;;Tree;Climbing;Indifferent;;;
CENTRAL MANHATTAN;B;Tompkins Square Park;11;B-11-55;Gray;Gray;;Specific Location;;Tree;Climbing;;;;
CENTRAL MANHATTAN;B;Tompkins Square Park;11;B-11-56;Gray;Gray;;Specific Location;;Tree;Climbing;;;;
CENTRAL MANHATTAN;B;Tompkins Square Park;11;B-11-57;Gray;Gray;;Specific Location;;Tree;Climbing;;;;
CENTRAL MANHATTAN;B;Tompkins Square Park;11;B-11-58;Gray;Gray;;Ground Plane;;;Foraging;;;;
CENTRAL MANHATTAN;B;Tompkins Square Park;11;B-11-59;Gray;Gray;;Ground Plane;;;Foraging;;;;
CENTRAL MANHATTAN;B;John V. Lindsay East River Park;12;B-12-01;Gray;Gray;;Ground Plane;;;Running, Eating;Indifferent;Nibbling on shrubs?;40.725.738;-73.972.105
CENTRAL MANHATTAN;B;John V. Lindsay East River Park;12;B-12-02;Black;Black;;Ground Plane;;;Running, Eating (peanuts);;;40.722.614;-73.972.894
CENTRAL MANHATTAN;B;John V. Lindsay East River Park;12;B-12-03;Gray;Gray;;Ground Plane, Above Ground;;;Climbing, Watching #2;Approaches;Siblings? (with #4) Playing (with #4) in fenced yard;4.072.263;-73.973.001
CENTRAL MANHATTAN;B;John V. Lindsay East River Park;12;B-12-04;Gray;Gray;;Ground Plane, Above Ground;;;Running, Chasing, Eating;;Siblings? (with #3) Playing (with #3) in fenced yard;4.072.263;-73.973.109
CENTRAL MANHATTAN;B;John V. Lindsay East River Park;12;B-12-05;Gray;Gray;;Ground Plane;;;Eating, Foraging;Approaches;;40.722.614;-73.973.033
CENTRAL MANHATTAN;B;John V. Lindsay East River Park;12;B-12-06;Gray;Gray;;Ground Plane;;;Eating, Foraging;Approaches;;40.722.173;-7.397.272
CENTRAL MANHATTAN;B;John V. Lindsay East River Park;12;B-12-07;Gray;Gray;;Ground Plane, Above Ground;8;;Climbing, Foraging;Indifferent;;40.719.379;-73.973.504
CENTRAL MANHATTAN;B;John V. Lindsay East River Park;12;B-12-08;Gray;Gray;;Ground Plane, Above Ground;8;;Climbing, Foraging;Indifferent;;4.071.935;-73.973.445
CENTRAL MANHATTAN;B;John V. Lindsay East River Park;12;B-12-09;Gray;Gray;;Above Ground, Specific Location;12;in a tree;Climbing;;;40.721.923;-73.974.121
CENTRAL MANHATTAN;B;John V. Lindsay East River Park;12;B-12-10;Gray;Gray;;Ground Plane;;;Eating;Approaches;;40.724.011;-7.397.313
CENTRAL MANHATTAN;B;John V. Lindsay East River Park;12;B-12-11;Gray;Gray;;Ground Plane;;;Climbing, Eating, Foraging;Indifferent;Was very close to a dog and hid in a tree;40.724.608;-73.972.841
CENTRAL MANHATTAN;B;John V. Lindsay East River Park;12;B-12-12;Gray;Gray;;Ground Plane;;;Eating, Foraging;Runs From;;40.724.774;-7.397.275
LOWER MANHATTAN;C;Seward Park;14;C-14-01;Gray;Cinnamon, White;;Ground Plane;;;Eating;Runs From;;40.715.415;-73.989.567
LOWER MANHATTAN;C;Seward Park;14;C-14-02;Gray;Cinnamon;;Ground Plane;;;Eating;Indifferent;Bushier and plump, big tail;40.715.484;-73.989.299
LOWER MANHATTAN;C;Seward Park;14;C-14-03;Gray;Cinnamon;;Ground Plane;;;Foraging;Runs From;;40.714.749;-73.989.577
LOWER MANHATTAN;C;Seward Park;14;C-14-04;Gray;Cinnamon;;Ground Plane;;;Climbing;Approaches;Looking to us for food! Climbed tree when we did not have any to give.;4.071.468;-73.989.776
LOWER MANHATTAN;C;Seward Park;14;C-14-05;Gray;Cinnamon;Cinnamon tail;Ground Plane, Above Ground;9;;Climbing, Foraging;Approaches;Skinny tail, lots of digging, found an acorn and is eating;40.714.846;-73.989.679
LOWER MANHATTAN;C;Seward Park;14;C-14-06;Gray;Cinnamon;;Ground Plane;;;Running, Chasing;Indifferent;Medium bushy, maybe a little younger, agile, sprightly;40.715.033;-73.989.609
LOWER MANHATTAN;C;Seward Park;14;C-14-07;Gray;Cinnamon;;Ground Plane;;;Running, Chasing;Indifferent;Too quick;40.715.208;-73.989.534
LOWER MANHATTAN;C;Corlears Hook Park;15;C-15-01;Gray;;;Above Ground;20;;Running, Climbing, Eating;Runs From;Frantically zig-zagging whilst clutching a mid-afternoon snack;40.712.159;-73.979.415
LOWER MANHATTAN;C;Corlears Hook Park;15;C-15-02;Gray;;;;;;Eating, Foraging;Indifferent;Digging in leaves carelessly;40.712.199;-73.979.519
LOWER MANHATTAN;C;Corlears Hook Park;15;C-15-03;Gray;;;;;;;;Multiple nut dives into the leaves;;
LOWER MANHATTAN;C;Corlears Hook Park;15;C-15-04;Gray;Cinnamon;;;;;;;Playing tag with #5;40.712.179;-73.979.776
LOWER MANHATTAN;C;Corlears Hook Park;15;C-15-05;Gray;Cinnamon;;;;;;;Playing tag with #4;40.712.216;-73.979.857
LOWER MANHATTAN;C;Corlears Hook Park;15;C-15-06;Gray;;;Above Ground;15;;Ear scratching;;;40.712.224;-73.979.669
LOWER MANHATTAN;C;Corlears Hook Park;15;C-15-07;Gray;;;Above Ground;25;;;;;4.071.224;-73.979.744
LOWER MANHATTAN;C;Corlears Hook Park;15;C-15-08;Gray;;;;;;Frolicking;;Leaping from branch to branch;40.711.927;-73.979.658
LOWER MANHATTAN;C;Corlears Hook Park;15;C-15-09;Gray;Cinnamon;;Above Ground;8;;Running, Climbing, Scratching;;Meandering among the branches;40.711.866;-7.397.976
LOWER MANHATTAN;C;Corlears Hook Park;15;C-15-10;Gray;Gray;;Above Ground;8;;Running, Climbing;Approaches;Came by to make sure we had proper Sighter buttons, looks like a Gerald;4.071.174;-73.980.539
LOWER MANHATTAN;C;Corlears Hook Park;15;C-15-11;Gray;White;;Specific Location;;Handrail;Posing;Approaches;Timidly approached but ran from a passing pooch;40.711.442;-73.978.354
LOWER MANHATTAN;C;Corlears Hook Park;15;C-15-12;Gray;;;Above Ground;15;;Guarding;Defensive;Very upset that we spotted him accessing his tree-hole stash;40.711.316;-73.978.343
LOWER MANHATTAN;C;Corlears Hook Park;15;C-15-13;Gray;Black;;Ground Plane, Above Ground;30;;Running, Chasing, Climbing;;#13, #14 & #15: Scattering and teasing a Shih Tzu that chased them, runs from dog;40.711.417;73.977.767
LOWER MANHATTAN;C;Corlears Hook Park;15;C-15-14;Gray;Black;;Ground Plane, Above Ground;30;;Running, Chasing, Climbing;;#13, #14 & #15: Scattering and teasing a Shih Tzu that chased them, runs from dog;40.711.421;-73.977.692
LOWER MANHATTAN;C;Corlears Hook Park;15;C-15-15;Gray;Black;;Ground Plane, Above Ground;30;;Running, Chasing, Climbing;;#13, #14 & #15: Scattering and teasing a Shih Tzu that chased them, runs from dog;40.711.409;-73.977.719
LOWER MANHATTAN;C;Corlears Hook Park;15;C-15-16;Cinnamon;;;Above Ground;20‰ÛÒ30;;Foraging;Indifferent;So curious! A unique color and thirst for the unknown.;40.711.303;-7.397.759
LOWER MANHATTAN;C;Columbus Park;16;C-16-01;Gray;Cinnamon;Cinnamon streak down back;Ground Plane;;;Climbing, Eating, Foraging;Approaches;Boy, Alert ‰ÛÓ lots of basketball close by;40.714.867;-74.000.236
LOWER MANHATTAN;C;Columbus Park;16;C-16-02;Gray;Cinnamon;;Ground Plane;;;Running, Foraging;;;407.159;-74.000.167
LOWER MANHATTAN;C;Columbus Park;16;C-16-03;Gray;;;Above Ground;25;;;Indifferent;Nibbling on branches;40.714.875;-74.000.346
LOWER MANHATTAN;C;Columbus Park;16;C-16-04;Gray;;;Above Ground;35;;Climbing;Approaches;Patchy ‰ÛÓåÊbald spots;40.715.779;-73.999.887
LOWER MANHATTAN;C;Teardrop Park;18;C-18-01;Gray;Cinnamon;;Ground Plane;;;Running, Eating (or pretending to eat);Runs From;Ran up tree and down tree, tail vibration ‰ÛÓ not a flag or twitch, kuk sound;40.716.335;-74.015.612
LOWER MANHATTAN;C;City Hall Park;19;C-19-01;Gray;White;;Ground Plane;;;Foraging;;;40.712.828;-74.005.072
LOWER MANHATTAN;C;City Hall Park;19;C-19-02;Gray;;;Above Ground;;;Climbing;;Chasing #3 up the tree;40.712.938;-74.005.152
LOWER MANHATTAN;C;City Hall Park;19;C-19-03;Gray;;;Above Ground;;;Climbing;;Chasing #2 up the tree;40.712.938;-74.005.152
LOWER MANHATTAN;C;City Hall Park;19;C-19-04;Gray;Cinnamon, White;;Ground Plane;;;Eating, Burying;Approaches;Very chubby cinnamon squirrel got peanuts from humans and buried them in leaves;40.712.893;-74.005.233
LOWER MANHATTAN;C;City Hall Park;19;C-19-05;Gray;Cinnamon, White;;Ground Plane;;;Eating, Burying;Approaches;Couldn't find a good spot to bury theirs (peanuts from humans);40.712.893;-74.005.233
LOWER MANHATTAN;C;City Hall Park;19;C-19-06;Gray;Cinnamon;;Ground Plane;;;Eating;Approaches;Being fed by people;40.712.922;-74.005.147
LOWER MANHATTAN;C;City Hall Park;19;C-19-07;Gray;Cinnamon;;Ground Plane;;;Eating;Approaches;Being fed by people;40.712.922;-74.005.147
LOWER MANHATTAN;C;City Hall Park;19;C-19-08;Gray;White;Very distinct white outlines on ears and ring around tail;Ground Plane;;;Eating;Approaches;Came out to get peanut from human;40.713.044;-74.005.404
LOWER MANHATTAN;C;City Hall Park;19;C-19-09;Gray;Gray;;Above Ground;5;;Climbing, Foraging;Indifferent, Runs From;Perched in a bush, watched us and scampered off to eat - very little squirrel;40.712.836;-74.005.662
LOWER MANHATTAN;C;City Hall Park;19;C-19-10;Gray;White;;Ground Plane, Specific Location;;on City Hall back steps;Running;Indifferent;;40.712.881;-74.005.823
LOWER MANHATTAN;C;City Hall Park;19;C-19-11;Gray;Cinnamon, White;;Ground Plane, Specific Location;;by back steps of City Hall;Eating, Foraging;Indifferent;Found something to eat buried in leaves and then looked for more;40.712.995;-74.005.963
LOWER MANHATTAN;C;City Hall Park;19;C-19-12;Gray;White;;Ground Plane;;;Very carefully watching a cat;Indifferent;;40.713.044;-74.006.242
LOWER MANHATTAN;C;City Hall Park;19;C-19-13;Gray;;;Above Ground;30;;Chattering;Indifferent;High up in a tree, lots of talking;40.713.276;-74.006.323
LOWER MANHATTAN;C;City Hall Park;19;C-19-14;Gray;White;;Ground Plane;;;Eating (nuts), Foraging;Approaches, Runs From;;40.713.339;-74.006.313
LOWER MANHATTAN;C;City Hall Park;19;C-19-15;Gray;White;;Ground Plane;;;Running;;Very active, darting around;40.713.518;-74.006.308
LOWER MANHATTAN;C;City Hall Park;19;C-19-16;Gray;White;Lots of white!;Above Ground;3;;Climbing, Foraging;Watching;Perched on knot of tree, watching us, then started foraging;4.071.312;-74.006.862
LOWER MANHATTAN;C;City Hall Park;19;C-19-17;Gray;White;;Ground Plane;;;Eating, Foraging;Indifferent;Successfully finding buried food;40.712.872;-74.006.878
LOWER MANHATTAN;C;City Hall Park;19;C-19-18;Gray;White;;Ground Plane;;;Eating, Foraging;Indifferent;"Rolling around in loose dirt with a ""swimming"" motion";40.712.872;-74.006.878
LOWER MANHATTAN;C;Battery Park;20;C-20-01;Gray;Cinnamon;;Above Ground;5;;;Interested in;#1‰ÛÒ5 all together being fed by humans;40.704.053;-7.401.612
LOWER MANHATTAN;C;Battery Park;20;C-20-02;Gray;Cinnamon, White;;Specific Location;;on fencing;Climbing, Balancing on fencing;;#1‰ÛÒ5 all together being fed by humans - Hungry;40.704.011;-74.016.134
LOWER MANHATTAN;C;Battery Park;20;C-20-03;Gray;Cinnamon, White;;Ground Plane;;;;Indifferent;#1‰ÛÒ5 all together being fed by humans, Had a ton of leaves in his mouth for several minutes;40.703.897;-74.016.118
LOWER MANHATTAN;C;Battery Park;20;C-20-04;;;;Ground Plane;;;;Cautious of;#1‰ÛÒ5 all together being fed by humans;40.703.885;-74.016.161
LOWER MANHATTAN;C;Battery Park;20;C-20-05;Gray;Cinnamon, White;;Specific Location;;on fencing;;;#1‰ÛÒ5 all together being fed by humans;40.703.848;-74.016.134
LOWER MANHATTAN;C;Battery Park;20;C-20-06;Cinnamon;Gray, White;;Ground Plane;;;Chillin', Rubbing butt on ground;;Seems left out;40.703.882;-74.015.955
LOWER MANHATTAN;C;Battery Park;20;C-20-07;Cinnamon;White;;Ground Plane;;;Running;Runs From;;40.704.211;-74.015.859
LOWER MANHATTAN;C;Battery Park;20;C-20-08;Gray;White;;Ground Plane;;;Foraging;;Obviously a couple with #9;40.704.142;-74.015.837
LOWER MANHATTAN;C;Battery Park;20;C-20-09;Gray;White;;Ground Plane;;;Foraging;;Obviously a couple with #8;40.704.175;-74.015.306
LOWER MANHATTAN;C;Battery Park;20;C-20-10;Gray;Cinnamon, White;;Ground Plane;;;Running;Indifferent;Skinny with tiny ears;40.704.171;-74.015.242
LOWER MANHATTAN;C;Battery Park;20;C-20-11;Gray;White;;Ground Plane;;;Foraging;Indifferent;;40.704.468;-74.014.774
LOWER MANHATTAN;C;Battery Park;20;C-20-12;Gray;White;;Ground Plane;;;Foraging;Indifferent;;40.704.453;-74.014.757
LOWER MANHATTAN;C;Battery Park;20;C-20-13;Gray;White;;Ground Plane;;;Eating;Indifferent;;4.070.442;-74.014.741
LOWER MANHATTAN;C;Battery Park;20;C-20-14;Gray;Cinnamon;;Above Ground, Specific Location;10;in tree;Sticking out of a tree;Indifferent;;40.704.188;-74.014.853
LOWER MANHATTAN;C;Battery Park;20;C-20-15;Gray;White;White bellies;;;;Chasing;;Flirty, chasing #16, also eating urban farm debris;4.070.352;-74.015.273
LOWER MANHATTAN;C;Battery Park;20;C-20-16;Gray;White;White bellies;;;;Chasing;;Flirty, being chased by #15, also eating urban farm debris;40.703.487;-74.015.278
LOWER MANHATTAN;C;Battery Park;20;C-20-17;Gray;White;;;;;Hangin' with #13 & #14;;;40.703.989;-74.015.202
LOWER MANHATTAN;C;Battery Park;20;C-20-18;Gray;;;Ground Plane;;;;;Looks like he has a patch of fur missing on his back;40.703.383;-74.015.584
LOWER MANHATTAN;C;Battery Park;20;C-20-19;Gray;Cinnamon;;Above Ground;2;;Climbing (tree);;;4.070.295;-74.015.813
LOWER MANHATTAN;C;Battery Park;20;C-20-20;Cinnamon;;;Ground Plane;;;;;;40.702.934;-74.015.775
LOWER MANHATTAN;C;Battery Park;20;C-20-21;Gray;White;;Above Ground, Specific Location;20;in a tree;Snacking in a tree;;;40.702.922;-74.016.629
LOWER MANHATTAN;C;Battery Park;20;C-20-22;Cinnamon;;;Specific Location;;on a bench;;;;40.702.411;-74.015.896
LOWER MANHATTAN;C;Battery Park;20;C-20-23;Gray;;;;;;Prancing about;;;40.702.313;-74.015.644
LOWER MANHATTAN;C;Battery Park;20;C-20-24;Gray;Cinnamon;;Specific Location;;on fence;Climbing fence;;;40.702.467;-74.015.757
LOWER MANHATTAN;C;Battery Park;20;C-20-25;Gray;Cinnamon;;Above Ground, Specific Location;15;in a tree;;;;40.702.597;-74.016.132
LOWER MANHATTAN;C;Battery Park;20;C-20-26;Gray;Cinnamon;;Specific Location;;on fence;Climbing fence;;;40.702.618;-74.016.556
BROOKLYN;D;Msgr. McGolrick Park;21;D-21-01;Gray;Cinnamon;;Above Ground;10‰ÛÒ12;;battery;Staring;Looks cold, not moving, lethargic;40.725.308;-73.942.789
BROOKLYN;D;Msgr. McGolrick Park;21;D-21-02;Gray;Cinnamon;White underbelly;Above Ground;< 1;;Climbing, Foraging, Self-cleaning;Indifferent;;40.725.511;-73.943.609
BROOKLYN;D;Msgr. McGolrick Park;21;D-21-03;Gray;Cinnamon;;Ground Plane;;;Chasing;Approaches;;40.725.511;-73.943.448
BROOKLYN;D;Msgr. McGolrick Park;21;D-21-04;Gray;;;Above Ground;15;;Climbing;;;40.725.478;-73.944.113
BROOKLYN;D;Msgr. McGolrick Park;21;D-21-05;Gray;;;Above Ground;30;;Eating;;;40.725.527;-73.943.974
BROOKLYN;D;Msgr. McGolrick Park;21;D-21-06;Gray;Cinnamon;;Ground Plane;;;Eating;Approaches;We fed him!;40.725.397;-73.944.124
BROOKLYN;D;Msgr. McGolrick Park;21;D-21-07;Gray;;;Above Ground;30;;Climbing;;;40.725.413;-73.943.984
BROOKLYN;D;Msgr. McGolrick Park;21;D-21-08;Gray;;;Ground Plane;;;Climbing (down);;;40.724.755;-73.944.006
BROOKLYN;D;Msgr. McGolrick Park;21;D-21-09;Gray;;;Ground Plane;;;Climbing (down);;;40.723.974;-73.943.845
BROOKLYN;D;Msgr. McGolrick Park;21;D-21-10;Gray;;;Ground Plane;;;Climbing (down);;;40.723.462;-73.943.952
BROOKLYN;D;Msgr. McGolrick Park;21;D-21-11;Gray;;;Ground Plane;;;Climbing (down);;;40.725.372;-73.943.652
BROOKLYN;D;Msgr. McGolrick Park;21;D-21-12;Gray;White;;Above Ground, Specific Location;15;by playground;Sitting;Indifferent;;40.725.364;-73.943.512
BROOKLYN;D;Msgr. McGolrick Park;21;D-21-13;Gray;Gray;;Ground Plane;;at Nassau (Avenue) / Henry (Street) ;Running;Runs From;;40.725.397;-73.943.297
BROOKLYN;D;Msgr. McGolrick Park;21;D-21-14;Gray;Cinnamon;;Ground Plane;;;Running;Indifferent;;40.725.197;-73.943.273
BROOKLYN;D;McCarren Park;22;D-22-01;Cinnamon;White;;Ground Plane;;;Eating;Indifferent;;4.072.167;-73.953.364
BROOKLYN;D;McCarren Park;22;D-22-02;Gray;White;;Ground Plane;;;Eating;Approaches;;40.721.768;-73.953.192
BROOKLYN;D;McCarren Park;22;D-22-03;Gray;White;;Ground Plane;;;Running;Runs From;Ran in from baseball field;40.721.662;-73.953.278
BROOKLYN;D;McCarren Park;22;D-22-04;Gray;Cinnamon;;Above Ground;;;Climbing;Runs From;;40.721.857;-73.953.139
BROOKLYN;D;McCarren Park;22;D-22-05;Cinnamon;;;Ground Plane;;;Running;Approaches;Running around;40.721.941;-73.952.947
BROOKLYN;D;McCarren Park;22;D-22-06;Cinnamon;;;Above Ground;;;Climbing;Approaches;Perched up ‰ÛÓ came close to us!;40.722.039;-73.952.796
BROOKLYN;D;McCarren Park;22;D-22-07;Cinnamon;;;Ground Plane;;;Chasing;Approaches;Skinny tail ‰ÛÓ was in the baseball field;4.072.147;-73.952.857
BROOKLYN;D;McCarren Park;22;D-22-08;Cinnamon;White;;Ground Plane;;;Running;Runs From;;40.721.713;-7.395.305
BROOKLYN;D;McCarren Park;22;D-22-09;Gray;Gray;;Ground Plane, Specific Location;;In a trash and metal heap next to baseball field;Eating, Foraging;Indifferent;;40.721.933;-73.953.147
BROOKLYN;D;McCarren Park;22;D-22-10;Gray;Cinnamon, White;;Above Ground, Specific Location;12;in tree;Climbing;Runs From;Ran up a tree;40.722.283;-73.953.115
BROOKLYN;D;McCarren Park;22;D-22-11;Gray;Gray;;Ground Plane;;;Running;Runs From;Ran out of park;40.722.698;-73.953.198
BROOKLYN;D;McCarren Park;22;D-22-12;Gray;White;;Ground Plane;;;Eating, Foraging;Indifferent;Birds walking nearby;40.722.819;-73.952.095
BROOKLYN;D;McCarren Park;22;D-22-13;Gray;White;;Above Ground;;;Climbing;Indifferent;Ran from ground to tree;40.722.966;-73.951.987
BROOKLYN;D;McCarren Park;22;D-22-14;Cinnamon;White;;Above Ground, Specific Location;3;in short tree;Climbing, Sitting in short tree;Indifferent;;40.723.136;-73.951.794
BROOKLYN;D;McCarren Park;22;D-22-15;Gray;White;;Above Ground, Specific Location;;in tree;Eating;Indifferent;;40.723.071;-73.951.697
BROOKLYN;D;McCarren Park;22;D-22-16;Cinnamon;Gray;;Ground Plane, Specific Location;;below park benches;Foraging, Jumping;Indifferent;Great jumper;40.723.006;-73.951.655
BROOKLYN;D;McCarren Park;22;D-22-17;Gray;Cinnamon, White;;Above Ground;9;;Chilling;Indifferent;Perched on branch, just hanging out;40.722.962;-73.951.752
BROOKLYN;D;McCarren Park;22;D-22-18;Cinnamon;Cinnamon;;Above Ground;14;;Hanging;Indifferent;Perched on branch;40.722.603;-73.951.449
BROOKLYN;D;McCarren Park;22;D-22-19;Cinnamon;Gray, White;;Above Ground;20;;Running, Climbing;;Very small, climbed from one tree to another;40.721.247;-73.951.609
BROOKLYN;D;McCarren Park;22;D-22-20;Gray;Cinnamon, White;;Above Ground;75;;Climbing;Indifferent;Small, on tree on branch, two others below it;40.720.606;-73.952.769
BROOKLYN;D;McCarren Park;22;D-22-21;Gray;Cinnamon, White;;Above Ground;15;;Chasing, Climbing;Indifferent;Started in middle of tree, started chasing others up in branches, jumped from branch to branch;40.720.582;-73.952.694
BROOKLYN;D;McCarren Park;22;D-22-22;Gray;Cinnamon, White;;Above Ground;20;;Climbing;Indifferent;One of three together on a tree;40.720.533;-7.395.272
BROOKLYN;D;McCarren Park;22;D-22-23;Gray;White;;Above Ground;20;;Climbing;Indifferent;Jumped from one tree to next;40.720.488;-73.952.806
BROOKLYN;D;McCarren Park;22;D-22-24;Gray;White;;Ground Plane;;;Eating, Foraging;Indifferent;Dog chased it up a tree;40.720.458;-73.954.244
BROOKLYN;D;McCarren Park;22;D-22-25;Gray;Cinnamon, White;;Ground Plane;;;Foraging;Skittish to humans;;40.720.018;-73.953.442
BROOKLYN;D;McCarren Park;22;D-22-26;Gray;White;;Ground Plane;;;Running, Foraging;Indifferent;Fast;40.720.026;-73.953.652
BROOKLYN;D;McCarren Park;22;D-22-27;Gray;Cinnamon;;Ground Plane;;;Eating (bread crumbs), Foraging;Indifferent;Near a lot of little birds;40.719.777;-73.952.774
BROOKLYN;D;McCarren Park;22;D-22-28;Gray;White;;Ground Plane;;;Running;Indifferent;Running against fence;40.720.114;-73.952.768
BROOKLYN;D;McCarren Park;22;D-22-29;Gray;Cinnamon, White;;Ground Plane;;;Hanging out;Runs From;Standing at base of tree, then climbed up;40.719.944;-73.952.505
BROOKLYN;D;McCarren Park;22;D-22-30;Gray;White;;Ground Plane;;;Foraging;Indifferent;;40.720.448;-73.952.521
BROOKLYN;D;McCarren Park;22;D-22-31;Cinnamon;White;;Ground Plane;;;Foraging;Indifferent;Walking around bushes;40.720.412;-73.952.353
BROOKLYN;D;McCarren Park;22;D-22-32;Gray;Cinnamon, White;;Ground Plane;;;Foraging;Indifferent;A little on the robust side;40.720.372;-73.952.326
BROOKLYN;D;McCarren Park;22;D-22-33;Gray;Cinnamon;;Ground Plane;;;Foraging;Indifferent;Busy digging for something;40.720.749;-73.951.891
BROOKLYN;D;McCarren Park;22;D-22-34;Cinnamon;Cinnamon;;Above Ground;15;;Sleeping (Dead?);Indifferent;It almost looks dead. Eyes open, curled up into itself in a nook in a tree with #35.;40.721.181;-73.951.255
BROOKLYN;D;McCarren Park;22;D-22-35;Cinnamon;Cinnamon;;Above Ground;15;;Sleeping (Dead?);;Curled up together with #34. One big furry ball of squirrel.;40.721.181;-73.951.255
BROOKLYN;D;McCarren Park;22;D-22-36;Cinnamon;Gray, Cinnamon;Reddish tail;Ground Plane;;;Eating (tortilla/chip);;Pretty fat;4.072.112;-7.395.104
BROOKLYN;D;McCarren Park;22;D-22-37;Gray;Gray;;Ground Plane;;;Running;Indifferent;Turning around, trying to eat;40.721.315;-73.950.943
BROOKLYN;D;McCarren Park;22;D-22-38;Gray;Cinnamon, White;;Ground Plane;;;Eating;;Sitting next to #39 and eating;40.721.258;-73.950.799
BROOKLYN;D;McCarren Park;22;D-22-39;Gray;Cinnamon, White;;Ground Plane;;;Eating;;Sitting next to #38 and eating;40.721.217;-7.395.077
BROOKLYN;D;McCarren Park;22;D-22-40;Cinnamon;White;;Ground Plane;;;Foraging;Indifferent;Fluffy;40.721.173;-73.950.781
BROOKLYN;D;McCarren Park;22;D-22-41;Cinnamon;Cinnamon;;Above Ground;;;Running, Foraging;Indifferent;Skinny;40.721.161;-73.950.732
BROOKLYN;D;McCarren Park;22;D-22-42;Gray;Gray;;Above Ground;;;Climbing;Indifferent;Clinging to tree;40.721.124;-73.950.797
BROOKLYN;D;McCarren Park;22;D-22-43;Gray;White;;Above Ground;10;;Running, Chasing, Climbing;Indifferent;Playing with another squirrel in a tree;40.721.026;-73.950.765
BROOKLYN;D;McCarren Park;22;D-22-44;Gray;Cinnamon, White;;Ground Plane;;;Foraging;Runs From;Ran very quickly;40.719.376;-73.952.326